case_id,aadl_file,base_text_file,requirement_file,expected_json_file,base_aadl_bytes,requirement_bytes
Case01,cases/Case01/Case01_Base.aadl,cases/Case01/Case01_Base.txt,cases/Case01/Case01_Req.txt,cases/Case01/Case01_Req_Expected.json,3535,726
Case02,cases/Case02/Case02_Base.aadl,cases/Case02/Case02_Base.txt,cases/Case02/Case02_Req.txt,cases/Case02/Case02_Req_Expected.json,3535,636
Case03,cases/Case03/Case03_Base.aadl,cases/Case03/Case03_Base.txt,cases/Case03/Case03_Req.txt,cases/Case03/Case03_Req_Expected.json,3535,532
Case04,cases/Case04/Case04_Base.aadl,cases/Case04/Case04_Base.txt,cases/Case04/Case04_Req.txt,cases/Case04/Case04_Req_Expected.json,3535,513
Case05,cases/Case05/Case05_Base.aadl,cases/Case05/Case05_Base.txt,cases/Case05/Case05_Req.txt,cases/Case05/Case05_Req_Expected.json,3535,570
Case06,cases/Case06/Case06_Base.aadl,cases/Case06/Case06_Base.txt,cases/Case06/Case06_Req.txt,cases/Case06/Case06_Req_Expected.json,3535,730
Case07,cases/Case07/Case07_Base.aadl,cases/Case07/Case07_Base.txt,cases/Case07/Case07_Req.txt,cases/Case07/Case07_Req_Expected.json,3535,598
Case08,cases/Case08/Case08_Base.aadl,cases/Case08/Case08_Base.txt,cases/Case08/Case08_Req.txt,cases/Case08/Case08_Req_Expected.json,3535,443
Case09,cases/Case09/Case09_Base.aadl,cases/Case09/Case09_Base.txt,cases/Case09/Case09_Req.txt,cases/Case09/Case09_Req_Expected.json,3535,562
Case10,cases/Case10/Case10_Base.aadl,cases/Case10/Case10_Base.txt,cases/Case10/Case10_Req.txt,cases/Case10/Case10_Req_Expected.json,6158,618
Case100,cases/Case100/Case100_Base.aadl,cases/Case100/Case100_Base.txt,cases/Case100/Case100_Req.txt,cases/Case100/Case100_Req_Expected.json,18529,270
Case101,cases/Case101/Case101_Base.aadl,cases/Case101/Case101_Base.txt,cases/Case101/Case101_Req.txt,cases/Case101/Case101_Req_Expected.json,18529,270
Case102,cases/Case102/Case102_Base.aadl,cases/Case102/Case102_Base.txt,cases/Case102/Case102_Req.txt,cases/Case102/Case102_Req_Expected.json,7503,516
Case103,cases/Case103/Case103_Base.aadl,cases/Case103/Case103_Base.txt,cases/Case103/Case103_Req.txt,cases/Case103/Case103_Req_Expected.json,14967,303
Case104,cases/Case104/Case104_Base.aadl,cases/Case104/Case104_Base.txt,cases/Case104/Case104_Req.txt,cases/Case104/Case104_Req_Expected.json,14967,298
Case105,cases/Case105/Case105_Base.aadl,cases/Case105/Case105_Base.txt,cases/Case105/Case105_Req.txt,cases/Case105/Case105_Req_Expected.json,14967,322
Case106,cases/Case106/Case106_Base.aadl,cases/Case106/Case106_Base.txt,cases/Case106/Case106_Req.txt,cases/Case106/Case106_Req_Expected.json,14967,290
Case107,cases/Case107/Case107_Base.aadl,cases/Case107/Case107_Base.txt,cases/Case107/Case107_Req.txt,cases/Case107/Case107_Req_Expected.json,14967,338
Case108,cases/Case108/Case108_Base.aadl,cases/Case108/Case108_Base.txt,cases/Case108/Case108_Req.txt,cases/Case108/Case108_Req_Expected.json,18529,293
Case109,cases/Case109/Case109_Base.aadl,cases/Case109/Case109_Base.txt,cases/Case109/Case109_Req.txt,cases/Case109/Case109_Req_Expected.json,18529,293
Case11,cases/Case11/Case11_Base.aadl,cases/Case11/Case11_Base.txt,cases/Case11/Case11_Req.txt,cases/Case11/Case11_Req_Expected.json,6158,551
Case110,cases/Case110/Case110_Base.aadl,cases/Case110/Case110_Base.txt,cases/Case110/Case110_Req.txt,cases/Case110/Case110_Req_Expected.json,18529,290
Case111,cases/Case111/Case111_Base.aadl,cases/Case111/Case111_Base.txt,cases/Case111/Case111_Req.txt,cases/Case111/Case111_Req_Expected.json,18529,290
Case112,cases/Case112/Case112_Base.aadl,cases/Case112/Case112_Base.txt,cases/Case112/Case112_Req.txt,cases/Case112/Case112_Req_Expected.json,18529,290
Case113,cases/Case113/Case113_Base.aadl,cases/Case113/Case113_Base.txt,cases/Case113/Case113_Req.txt,cases/Case113/Case113_Req_Expected.json,18529,290
Case114,cases/Case114/Case114_Base.aadl,cases/Case114/Case114_Base.txt,cases/Case114/Case114_Req.txt,cases/Case114/Case114_Req_Expected.json,18529,270
Case115,cases/Case115/Case115_Base.aadl,cases/Case115/Case115_Base.txt,cases/Case115/Case115_Req.txt,cases/Case115/Case115_Req_Expected.json,18529,300
Case116,cases/Case116/Case116_Base.aadl,cases/Case116/Case116_Base.txt,cases/Case116/Case116_Req.txt,cases/Case116/Case116_Req_Expected.json,18529,287
Case117,cases/Case117/Case117_Base.aadl,cases/Case117/Case117_Base.txt,cases/Case117/Case117_Req.txt,cases/Case117/Case117_Req_Expected.json,18529,324
Case118,cases/Case118/Case118_Base.aadl,cases/Case118/Case118_Base.txt,cases/Case118/Case118_Req.txt,cases/Case118/Case118_Req_Expected.json,18529,319
Case119,cases/Case119/Case119_Base.aadl,cases/Case119/Case119_Base.txt,cases/Case119/Case119_Req.txt,cases/Case119/Case119_Req_Expected.json,18529,339
Case12,cases/Case12/Case12_Base.aadl,cases/Case12/Case12_Base.txt,cases/Case12/Case12_Req.txt,cases/Case12/Case12_Req_Expected.json,6158,541
Case120,cases/Case120/Case120_Base.aadl,cases/Case120/Case120_Base.txt,cases/Case120/Case120_Req.txt,cases/Case120/Case120_Req_Expected.json,5349,170
Case121,cases/Case121/Case121_Base.aadl,cases/Case121/Case121_Base.txt,cases/Case121/Case121_Req.txt,cases/Case121/Case121_Req_Expected.json,9761,310
Case122,cases/Case122/Case122_Base.aadl,cases/Case122/Case122_Base.txt,cases/Case122/Case122_Req.txt,cases/Case122/Case122_Req_Expected.json,9761,312
Case123,cases/Case123/Case123_Base.aadl,cases/Case123/Case123_Base.txt,cases/Case123/Case123_Req.txt,cases/Case123/Case123_Req_Expected.json,9761,305
Case124,cases/Case124/Case124_Base.aadl,cases/Case124/Case124_Base.txt,cases/Case124/Case124_Req.txt,cases/Case124/Case124_Req_Expected.json,9761,309
Case125,cases/Case125/Case125_Base.aadl,cases/Case125/Case125_Base.txt,cases/Case125/Case125_Req.txt,cases/Case125/Case125_Req_Expected.json,9761,296
Case126,cases/Case126/Case126_Base.aadl,cases/Case126/Case126_Base.txt,cases/Case126/Case126_Req.txt,cases/Case126/Case126_Req_Expected.json,9761,304
Case127,cases/Case127/Case127_Base.aadl,cases/Case127/Case127_Base.txt,cases/Case127/Case127_Req.txt,cases/Case127/Case127_Req_Expected.json,9761,342
Case128,cases/Case128/Case128_Base.aadl,cases/Case128/Case128_Base.txt,cases/Case128/Case128_Req.txt,cases/Case128/Case128_Req_Expected.json,9761,324
Case129,cases/Case129/Case129_Base.aadl,cases/Case129/Case129_Base.txt,cases/Case129/Case129_Req.txt,cases/Case129/Case129_Req_Expected.json,2682,277
Case13,cases/Case13/Case13_Base.aadl,cases/Case13/Case13_Base.txt,cases/Case13/Case13_Req.txt,cases/Case13/Case13_Req_Expected.json,6158,518
Case130,cases/Case130/Case130_Base.aadl,cases/Case130/Case130_Base.txt,cases/Case130/Case130_Req.txt,cases/Case130/Case130_Req_Expected.json,2682,183
Case131,cases/Case131/Case131_Base.aadl,cases/Case131/Case131_Base.txt,cases/Case131/Case131_Req.txt,cases/Case131/Case131_Req_Expected.json,3287,277
Case132,cases/Case132/Case132_Base.aadl,cases/Case132/Case132_Base.txt,cases/Case132/Case132_Req.txt,cases/Case132/Case132_Req_Expected.json,3287,256
Case133,cases/Case133/Case133_Base.aadl,cases/Case133/Case133_Base.txt,cases/Case133/Case133_Req.txt,cases/Case133/Case133_Req_Expected.json,5890,165
Case134,cases/Case134/Case134_Base.aadl,cases/Case134/Case134_Base.txt,cases/Case134/Case134_Req.txt,cases/Case134/Case134_Req_Expected.json,5890,162
Case135,cases/Case135/Case135_Base.aadl,cases/Case135/Case135_Base.txt,cases/Case135/Case135_Req.txt,cases/Case135/Case135_Req_Expected.json,5890,190
Case136,cases/Case136/Case136_Base.aadl,cases/Case136/Case136_Base.txt,cases/Case136/Case136_Req.txt,cases/Case136/Case136_Req_Expected.json,5890,182
Case137,cases/Case137/Case137_Base.aadl,cases/Case137/Case137_Base.txt,cases/Case137/Case137_Req.txt,cases/Case137/Case137_Req_Expected.json,5890,165
Case138,cases/Case138/Case138_Base.aadl,cases/Case138/Case138_Base.txt,cases/Case138/Case138_Req.txt,cases/Case138/Case138_Req_Expected.json,5890,162
Case139,cases/Case139/Case139_Base.aadl,cases/Case139/Case139_Base.txt,cases/Case139/Case139_Req.txt,cases/Case139/Case139_Req_Expected.json,5890,190
Case14,cases/Case14/Case14_Base.aadl,cases/Case14/Case14_Base.txt,cases/Case14/Case14_Req.txt,cases/Case14/Case14_Req_Expected.json,6158,602
Case140,cases/Case140/Case140_Base.aadl,cases/Case140/Case140_Base.txt,cases/Case140/Case140_Req.txt,cases/Case140/Case140_Req_Expected.json,5890,182
Case141,cases/Case141/Case141_Base.aadl,cases/Case141/Case141_Base.txt,cases/Case141/Case141_Req.txt,cases/Case141/Case141_Req_Expected.json,5890,165
Case142,cases/Case142/Case142_Base.aadl,cases/Case142/Case142_Base.txt,cases/Case142/Case142_Req.txt,cases/Case142/Case142_Req_Expected.json,5890,162
Case143,cases/Case143/Case143_Base.aadl,cases/Case143/Case143_Base.txt,cases/Case143/Case143_Req.txt,cases/Case143/Case143_Req_Expected.json,5890,190
Case144,cases/Case144/Case144_Base.aadl,cases/Case144/Case144_Base.txt,cases/Case144/Case144_Req.txt,cases/Case144/Case144_Req_Expected.json,5890,182
Case145,cases/Case145/Case145_Base.aadl,cases/Case145/Case145_Base.txt,cases/Case145/Case145_Req.txt,cases/Case145/Case145_Req_Expected.json,5890,165
Case146,cases/Case146/Case146_Base.aadl,cases/Case146/Case146_Base.txt,cases/Case146/Case146_Req.txt,cases/Case146/Case146_Req_Expected.json,5890,162
Case147,cases/Case147/Case147_Base.aadl,cases/Case147/Case147_Base.txt,cases/Case147/Case147_Req.txt,cases/Case147/Case147_Req_Expected.json,5890,190
Case148,cases/Case148/Case148_Base.aadl,cases/Case148/Case148_Base.txt,cases/Case148/Case148_Req.txt,cases/Case148/Case148_Req_Expected.json,5890,182
Case149,cases/Case149/Case149_Base.aadl,cases/Case149/Case149_Base.txt,cases/Case149/Case149_Req.txt,cases/Case149/Case149_Req_Expected.json,5890,165
Case15,cases/Case15/Case15_Base.aadl,cases/Case15/Case15_Base.txt,cases/Case15/Case15_Req.txt,cases/Case15/Case15_Req_Expected.json,6158,543
Case150,cases/Case150/Case150_Base.aadl,cases/Case150/Case150_Base.txt,cases/Case150/Case150_Req.txt,cases/Case150/Case150_Req_Expected.json,5890,162
Case151,cases/Case151/Case151_Base.aadl,cases/Case151/Case151_Base.txt,cases/Case151/Case151_Req.txt,cases/Case151/Case151_Req_Expected.json,5890,190
Case152,cases/Case152/Case152_Base.aadl,cases/Case152/Case152_Base.txt,cases/Case152/Case152_Req.txt,cases/Case152/Case152_Req_Expected.json,5890,182
Case153,cases/Case153/Case153_Base.aadl,cases/Case153/Case153_Base.txt,cases/Case153/Case153_Req.txt,cases/Case153/Case153_Req_Expected.json,5890,165
Case154,cases/Case154/Case154_Base.aadl,cases/Case154/Case154_Base.txt,cases/Case154/Case154_Req.txt,cases/Case154/Case154_Req_Expected.json,5890,162
Case155,cases/Case155/Case155_Base.aadl,cases/Case155/Case155_Base.txt,cases/Case155/Case155_Req.txt,cases/Case155/Case155_Req_Expected.json,5890,190
Case156,cases/Case156/Case156_Base.aadl,cases/Case156/Case156_Base.txt,cases/Case156/Case156_Req.txt,cases/Case156/Case156_Req_Expected.json,5890,182
Case157,cases/Case157/Case157_Base.aadl,cases/Case157/Case157_Base.txt,cases/Case157/Case157_Req.txt,cases/Case157/Case157_Req_Expected.json,5890,165
Case158,cases/Case158/Case158_Base.aadl,cases/Case158/Case158_Base.txt,cases/Case158/Case158_Req.txt,cases/Case158/Case158_Req_Expected.json,5890,162
Case159,cases/Case159/Case159_Base.aadl,cases/Case159/Case159_Base.txt,cases/Case159/Case159_Req.txt,cases/Case159/Case159_Req_Expected.json,5890,190
Case16,cases/Case16/Case16_Base.aadl,cases/Case16/Case16_Base.txt,cases/Case16/Case16_Req.txt,cases/Case16/Case16_Req_Expected.json,6158,712
Case160,cases/Case160/Case160_Base.aadl,cases/Case160/Case160_Base.txt,cases/Case160/Case160_Req.txt,cases/Case160/Case160_Req_Expected.json,5890,182
Case161,cases/Case161/Case161_Base.aadl,cases/Case161/Case161_Base.txt,cases/Case161/Case161_Req.txt,cases/Case161/Case161_Req_Expected.json,5890,165
Case162,cases/Case162/Case162_Base.aadl,cases/Case162/Case162_Base.txt,cases/Case162/Case162_Req.txt,cases/Case162/Case162_Req_Expected.json,5890,162
Case163,cases/Case163/Case163_Base.aadl,cases/Case163/Case163_Base.txt,cases/Case163/Case163_Req.txt,cases/Case163/Case163_Req_Expected.json,5890,190
Case164,cases/Case164/Case164_Base.aadl,cases/Case164/Case164_Base.txt,cases/Case164/Case164_Req.txt,cases/Case164/Case164_Req_Expected.json,5890,182
Case165,cases/Case165/Case165_Base.aadl,cases/Case165/Case165_Base.txt,cases/Case165/Case165_Req.txt,cases/Case165/Case165_Req_Expected.json,5890,165
Case166,cases/Case166/Case166_Base.aadl,cases/Case166/Case166_Base.txt,cases/Case166/Case166_Req.txt,cases/Case166/Case166_Req_Expected.json,5890,162
Case167,cases/Case167/Case167_Base.aadl,cases/Case167/Case167_Base.txt,cases/Case167/Case167_Req.txt,cases/Case167/Case167_Req_Expected.json,5890,190
Case168,cases/Case168/Case168_Base.aadl,cases/Case168/Case168_Base.txt,cases/Case168/Case168_Req.txt,cases/Case168/Case168_Req_Expected.json,5890,182
Case169,cases/Case169/Case169_Base.aadl,cases/Case169/Case169_Base.txt,cases/Case169/Case169_Req.txt,cases/Case169/Case169_Req_Expected.json,5890,165
Case17,cases/Case17/Case17_Base.aadl,cases/Case17/Case17_Base.txt,cases/Case17/Case17_Req.txt,cases/Case17/Case17_Req_Expected.json,6158,751
Case170,cases/Case170/Case170_Base.aadl,cases/Case170/Case170_Base.txt,cases/Case170/Case170_Req.txt,cases/Case170/Case170_Req_Expected.json,5890,162
Case171,cases/Case171/Case171_Base.aadl,cases/Case171/Case171_Base.txt,cases/Case171/Case171_Req.txt,cases/Case171/Case171_Req_Expected.json,5890,190
Case172,cases/Case172/Case172_Base.aadl,cases/Case172/Case172_Base.txt,cases/Case172/Case172_Req.txt,cases/Case172/Case172_Req_Expected.json,5890,182
Case173,cases/Case173/Case173_Base.aadl,cases/Case173/Case173_Base.txt,cases/Case173/Case173_Req.txt,cases/Case173/Case173_Req_Expected.json,12880,172
Case174,cases/Case174/Case174_Base.aadl,cases/Case174/Case174_Base.txt,cases/Case174/Case174_Req.txt,cases/Case174/Case174_Req_Expected.json,12880,183
Case175,cases/Case175/Case175_Base.aadl,cases/Case175/Case175_Base.txt,cases/Case175/Case175_Req.txt,cases/Case175/Case175_Req_Expected.json,12880,169
Case176,cases/Case176/Case176_Base.aadl,cases/Case176/Case176_Base.txt,cases/Case176/Case176_Req.txt,cases/Case176/Case176_Req_Expected.json,12880,176
Case177,cases/Case177/Case177_Base.aadl,cases/Case177/Case177_Base.txt,cases/Case177/Case177_Req.txt,cases/Case177/Case177_Req_Expected.json,12880,165
Case178,cases/Case178/Case178_Base.aadl,cases/Case178/Case178_Base.txt,cases/Case178/Case178_Req.txt,cases/Case178/Case178_Req_Expected.json,12880,179
Case179,cases/Case179/Case179_Base.aadl,cases/Case179/Case179_Base.txt,cases/Case179/Case179_Req.txt,cases/Case179/Case179_Req_Expected.json,12880,179
Case18,cases/Case18/Case18_Base.aadl,cases/Case18/Case18_Base.txt,cases/Case18/Case18_Req.txt,cases/Case18/Case18_Req_Expected.json,6158,509
Case180,cases/Case180/Case180_Base.aadl,cases/Case180/Case180_Base.txt,cases/Case180/Case180_Req.txt,cases/Case180/Case180_Req_Expected.json,12880,190
Case181,cases/Case181/Case181_Base.aadl,cases/Case181/Case181_Base.txt,cases/Case181/Case181_Req.txt,cases/Case181/Case181_Req_Expected.json,12880,185
Case182,cases/Case182/Case182_Base.aadl,cases/Case182/Case182_Base.txt,cases/Case182/Case182_Req.txt,cases/Case182/Case182_Req_Expected.json,12880,189
Case183,cases/Case183/Case183_Base.aadl,cases/Case183/Case183_Base.txt,cases/Case183/Case183_Req.txt,cases/Case183/Case183_Req_Expected.json,12880,178
Case184,cases/Case184/Case184_Base.aadl,cases/Case184/Case184_Base.txt,cases/Case184/Case184_Req.txt,cases/Case184/Case184_Req_Expected.json,12880,165
Case185,cases/Case185/Case185_Base.aadl,cases/Case185/Case185_Base.txt,cases/Case185/Case185_Req.txt,cases/Case185/Case185_Req_Expected.json,12880,172
Case186,cases/Case186/Case186_Base.aadl,cases/Case186/Case186_Base.txt,cases/Case186/Case186_Req.txt,cases/Case186/Case186_Req_Expected.json,12880,183
Case187,cases/Case187/Case187_Base.aadl,cases/Case187/Case187_Base.txt,cases/Case187/Case187_Req.txt,cases/Case187/Case187_Req_Expected.json,12880,169
Case188,cases/Case188/Case188_Base.aadl,cases/Case188/Case188_Base.txt,cases/Case188/Case188_Req.txt,cases/Case188/Case188_Req_Expected.json,12880,176
Case189,cases/Case189/Case189_Base.aadl,cases/Case189/Case189_Base.txt,cases/Case189/Case189_Req.txt,cases/Case189/Case189_Req_Expected.json,12880,165
Case19,cases/Case19/Case19_Base.aadl,cases/Case19/Case19_Base.txt,cases/Case19/Case19_Req.txt,cases/Case19/Case19_Req_Expected.json,6158,521
Case190,cases/Case190/Case190_Base.aadl,cases/Case190/Case190_Base.txt,cases/Case190/Case190_Req.txt,cases/Case190/Case190_Req_Expected.json,12880,179
Case191,cases/Case191/Case191_Base.aadl,cases/Case191/Case191_Base.txt,cases/Case191/Case191_Req.txt,cases/Case191/Case191_Req_Expected.json,12880,179
Case192,cases/Case192/Case192_Base.aadl,cases/Case192/Case192_Base.txt,cases/Case192/Case192_Req.txt,cases/Case192/Case192_Req_Expected.json,12880,190
Case193,cases/Case193/Case193_Base.aadl,cases/Case193/Case193_Base.txt,cases/Case193/Case193_Req.txt,cases/Case193/Case193_Req_Expected.json,12880,185
Case194,cases/Case194/Case194_Base.aadl,cases/Case194/Case194_Base.txt,cases/Case194/Case194_Req.txt,cases/Case194/Case194_Req_Expected.json,12880,189
Case195,cases/Case195/Case195_Base.aadl,cases/Case195/Case195_Base.txt,cases/Case195/Case195_Req.txt,cases/Case195/Case195_Req_Expected.json,12880,178
Case196,cases/Case196/Case196_Base.aadl,cases/Case196/Case196_Base.txt,cases/Case196/Case196_Req.txt,cases/Case196/Case196_Req_Expected.json,12880,165
Case197,cases/Case197/Case197_Base.aadl,cases/Case197/Case197_Base.txt,cases/Case197/Case197_Req.txt,cases/Case197/Case197_Req_Expected.json,12880,172
Case198,cases/Case198/Case198_Base.aadl,cases/Case198/Case198_Base.txt,cases/Case198/Case198_Req.txt,cases/Case198/Case198_Req_Expected.json,12880,183
Case199,cases/Case199/Case199_Base.aadl,cases/Case199/Case199_Base.txt,cases/Case199/Case199_Req.txt,cases/Case199/Case199_Req_Expected.json,12880,169
Case20,cases/Case20/Case20_Base.aadl,cases/Case20/Case20_Base.txt,cases/Case20/Case20_Req.txt,cases/Case20/Case20_Req_Expected.json,3713,643
Case200,cases/Case200/Case200_Base.aadl,cases/Case200/Case200_Base.txt,cases/Case200/Case200_Req.txt,cases/Case200/Case200_Req_Expected.json,12880,176
Case201,cases/Case201/Case201_Base.aadl,cases/Case201/Case201_Base.txt,cases/Case201/Case201_Req.txt,cases/Case201/Case201_Req_Expected.json,12880,165
Case202,cases/Case202/Case202_Base.aadl,cases/Case202/Case202_Base.txt,cases/Case202/Case202_Req.txt,cases/Case202/Case202_Req_Expected.json,12880,179
Case203,cases/Case203/Case203_Base.aadl,cases/Case203/Case203_Base.txt,cases/Case203/Case203_Req.txt,cases/Case203/Case203_Req_Expected.json,12880,179
Case204,cases/Case204/Case204_Base.aadl,cases/Case204/Case204_Base.txt,cases/Case204/Case204_Req.txt,cases/Case204/Case204_Req_Expected.json,12880,190
Case205,cases/Case205/Case205_Base.aadl,cases/Case205/Case205_Base.txt,cases/Case205/Case205_Req.txt,cases/Case205/Case205_Req_Expected.json,12880,185
Case206,cases/Case206/Case206_Base.aadl,cases/Case206/Case206_Base.txt,cases/Case206/Case206_Req.txt,cases/Case206/Case206_Req_Expected.json,12880,189
Case207,cases/Case207/Case207_Base.aadl,cases/Case207/Case207_Base.txt,cases/Case207/Case207_Req.txt,cases/Case207/Case207_Req_Expected.json,12880,178
Case208,cases/Case208/Case208_Base.aadl,cases/Case208/Case208_Base.txt,cases/Case208/Case208_Req.txt,cases/Case208/Case208_Req_Expected.json,12880,165
Case209,cases/Case209/Case209_Base.aadl,cases/Case209/Case209_Base.txt,cases/Case209/Case209_Req.txt,cases/Case209/Case209_Req_Expected.json,12880,172
Case21,cases/Case21/Case21_Base.aadl,cases/Case21/Case21_Base.txt,cases/Case21/Case21_Req.txt,cases/Case21/Case21_Req_Expected.json,3712,641
Case210,cases/Case210/Case210_Base.aadl,cases/Case210/Case210_Base.txt,cases/Case210/Case210_Req.txt,cases/Case210/Case210_Req_Expected.json,12880,183
Case211,cases/Case211/Case211_Base.aadl,cases/Case211/Case211_Base.txt,cases/Case211/Case211_Req.txt,cases/Case211/Case211_Req_Expected.json,12880,169
Case212,cases/Case212/Case212_Base.aadl,cases/Case212/Case212_Base.txt,cases/Case212/Case212_Req.txt,cases/Case212/Case212_Req_Expected.json,12880,176
Case213,cases/Case213/Case213_Base.aadl,cases/Case213/Case213_Base.txt,cases/Case213/Case213_Req.txt,cases/Case213/Case213_Req_Expected.json,12880,165
Case214,cases/Case214/Case214_Base.aadl,cases/Case214/Case214_Base.txt,cases/Case214/Case214_Req.txt,cases/Case214/Case214_Req_Expected.json,12880,179
Case215,cases/Case215/Case215_Base.aadl,cases/Case215/Case215_Base.txt,cases/Case215/Case215_Req.txt,cases/Case215/Case215_Req_Expected.json,12880,179
Case216,cases/Case216/Case216_Base.aadl,cases/Case216/Case216_Base.txt,cases/Case216/Case216_Req.txt,cases/Case216/Case216_Req_Expected.json,12880,190
Case217,cases/Case217/Case217_Base.aadl,cases/Case217/Case217_Base.txt,cases/Case217/Case217_Req.txt,cases/Case217/Case217_Req_Expected.json,12880,185
Case218,cases/Case218/Case218_Base.aadl,cases/Case218/Case218_Base.txt,cases/Case218/Case218_Req.txt,cases/Case218/Case218_Req_Expected.json,12880,189
Case219,cases/Case219/Case219_Base.aadl,cases/Case219/Case219_Base.txt,cases/Case219/Case219_Req.txt,cases/Case219/Case219_Req_Expected.json,12880,178
Case22,cases/Case22/Case22_Base.aadl,cases/Case22/Case22_Base.txt,cases/Case22/Case22_Req.txt,cases/Case22/Case22_Req_Expected.json,3713,669
Case220,cases/Case220/Case220_Base.aadl,cases/Case220/Case220_Base.txt,cases/Case220/Case220_Req.txt,cases/Case220/Case220_Req_Expected.json,12880,165
Case221,cases/Case221/Case221_Base.aadl,cases/Case221/Case221_Base.txt,cases/Case221/Case221_Req.txt,cases/Case221/Case221_Req_Expected.json,12880,172
Case222,cases/Case222/Case222_Base.aadl,cases/Case222/Case222_Base.txt,cases/Case222/Case222_Req.txt,cases/Case222/Case222_Req_Expected.json,12880,183
Case223,cases/Case223/Case223_Base.aadl,cases/Case223/Case223_Base.txt,cases/Case223/Case223_Req.txt,cases/Case223/Case223_Req_Expected.json,12880,169
Case224,cases/Case224/Case224_Base.aadl,cases/Case224/Case224_Base.txt,cases/Case224/Case224_Req.txt,cases/Case224/Case224_Req_Expected.json,12880,176
Case225,cases/Case225/Case225_Base.aadl,cases/Case225/Case225_Base.txt,cases/Case225/Case225_Req.txt,cases/Case225/Case225_Req_Expected.json,12880,165
Case226,cases/Case226/Case226_Base.aadl,cases/Case226/Case226_Base.txt,cases/Case226/Case226_Req.txt,cases/Case226/Case226_Req_Expected.json,12880,179
Case227,cases/Case227/Case227_Base.aadl,cases/Case227/Case227_Base.txt,cases/Case227/Case227_Req.txt,cases/Case227/Case227_Req_Expected.json,12880,179
Case228,cases/Case228/Case228_Base.aadl,cases/Case228/Case228_Base.txt,cases/Case228/Case228_Req.txt,cases/Case228/Case228_Req_Expected.json,12880,190
Case229,cases/Case229/Case229_Base.aadl,cases/Case229/Case229_Base.txt,cases/Case229/Case229_Req.txt,cases/Case229/Case229_Req_Expected.json,12880,185
Case23,cases/Case23/Case23_Base.aadl,cases/Case23/Case23_Base.txt,cases/Case23/Case23_Req.txt,cases/Case23/Case23_Req_Expected.json,3713,642
Case230,cases/Case230/Case230_Base.aadl,cases/Case230/Case230_Base.txt,cases/Case230/Case230_Req.txt,cases/Case230/Case230_Req_Expected.json,12880,189
Case231,cases/Case231/Case231_Base.aadl,cases/Case231/Case231_Base.txt,cases/Case231/Case231_Req.txt,cases/Case231/Case231_Req_Expected.json,12880,178
Case232,cases/Case232/Case232_Base.aadl,cases/Case232/Case232_Base.txt,cases/Case232/Case232_Req.txt,cases/Case232/Case232_Req_Expected.json,12880,165
Case233,cases/Case233/Case233_Base.aadl,cases/Case233/Case233_Base.txt,cases/Case233/Case233_Req.txt,cases/Case233/Case233_Req_Expected.json,12880,172
Case234,cases/Case234/Case234_Base.aadl,cases/Case234/Case234_Base.txt,cases/Case234/Case234_Req.txt,cases/Case234/Case234_Req_Expected.json,12880,183
Case235,cases/Case235/Case235_Base.aadl,cases/Case235/Case235_Base.txt,cases/Case235/Case235_Req.txt,cases/Case235/Case235_Req_Expected.json,12880,169
Case236,cases/Case236/Case236_Base.aadl,cases/Case236/Case236_Base.txt,cases/Case236/Case236_Req.txt,cases/Case236/Case236_Req_Expected.json,12880,176
Case237,cases/Case237/Case237_Base.aadl,cases/Case237/Case237_Base.txt,cases/Case237/Case237_Req.txt,cases/Case237/Case237_Req_Expected.json,12880,165
Case238,cases/Case238/Case238_Base.aadl,cases/Case238/Case238_Base.txt,cases/Case238/Case238_Req.txt,cases/Case238/Case238_Req_Expected.json,12880,179
Case239,cases/Case239/Case239_Base.aadl,cases/Case239/Case239_Base.txt,cases/Case239/Case239_Req.txt,cases/Case239/Case239_Req_Expected.json,12880,179
Case24,cases/Case24/Case24_Base.aadl,cases/Case24/Case24_Base.txt,cases/Case24/Case24_Req.txt,cases/Case24/Case24_Req_Expected.json,3713,539
Case240,cases/Case240/Case240_Base.aadl,cases/Case240/Case240_Base.txt,cases/Case240/Case240_Req.txt,cases/Case240/Case240_Req_Expected.json,12880,190
Case241,cases/Case241/Case241_Base.aadl,cases/Case241/Case241_Base.txt,cases/Case241/Case241_Req.txt,cases/Case241/Case241_Req_Expected.json,12880,185
Case242,cases/Case242/Case242_Base.aadl,cases/Case242/Case242_Base.txt,cases/Case242/Case242_Req.txt,cases/Case242/Case242_Req_Expected.json,12880,189
Case243,cases/Case243/Case243_Base.aadl,cases/Case243/Case243_Base.txt,cases/Case243/Case243_Req.txt,cases/Case243/Case243_Req_Expected.json,12880,178
Case244,cases/Case244/Case244_Base.aadl,cases/Case244/Case244_Base.txt,cases/Case244/Case244_Req.txt,cases/Case244/Case244_Req_Expected.json,12880,165
Case245,cases/Case245/Case245_Base.aadl,cases/Case245/Case245_Base.txt,cases/Case245/Case245_Req.txt,cases/Case245/Case245_Req_Expected.json,12880,172
Case246,cases/Case246/Case246_Base.aadl,cases/Case246/Case246_Base.txt,cases/Case246/Case246_Req.txt,cases/Case246/Case246_Req_Expected.json,12880,183
Case247,cases/Case247/Case247_Base.aadl,cases/Case247/Case247_Base.txt,cases/Case247/Case247_Req.txt,cases/Case247/Case247_Req_Expected.json,12880,169
Case248,cases/Case248/Case248_Base.aadl,cases/Case248/Case248_Base.txt,cases/Case248/Case248_Req.txt,cases/Case248/Case248_Req_Expected.json,12880,176
Case249,cases/Case249/Case249_Base.aadl,cases/Case249/Case249_Base.txt,cases/Case249/Case249_Req.txt,cases/Case249/Case249_Req_Expected.json,12880,165
Case25,cases/Case25/Case25_Base.aadl,cases/Case25/Case25_Base.txt,cases/Case25/Case25_Req.txt,cases/Case25/Case25_Req_Expected.json,3713,264
Case250,cases/Case250/Case250_Base.aadl,cases/Case250/Case250_Base.txt,cases/Case250/Case250_Req.txt,cases/Case250/Case250_Req_Expected.json,12880,179
Case251,cases/Case251/Case251_Base.aadl,cases/Case251/Case251_Base.txt,cases/Case251/Case251_Req.txt,cases/Case251/Case251_Req_Expected.json,12880,179
Case252,cases/Case252/Case252_Base.aadl,cases/Case252/Case252_Base.txt,cases/Case252/Case252_Req.txt,cases/Case252/Case252_Req_Expected.json,12880,190
Case253,cases/Case253/Case253_Base.aadl,cases/Case253/Case253_Base.txt,cases/Case253/Case253_Req.txt,cases/Case253/Case253_Req_Expected.json,12880,185
Case254,cases/Case254/Case254_Base.aadl,cases/Case254/Case254_Base.txt,cases/Case254/Case254_Req.txt,cases/Case254/Case254_Req_Expected.json,12880,189
Case255,cases/Case255/Case255_Base.aadl,cases/Case255/Case255_Base.txt,cases/Case255/Case255_Req.txt,cases/Case255/Case255_Req_Expected.json,12880,178
Case256,cases/Case256/Case256_Base.aadl,cases/Case256/Case256_Base.txt,cases/Case256/Case256_Req.txt,cases/Case256/Case256_Req_Expected.json,12880,165
Case257,cases/Case257/Case257_Base.aadl,cases/Case257/Case257_Base.txt,cases/Case257/Case257_Req.txt,cases/Case257/Case257_Req_Expected.json,12880,172
Case258,cases/Case258/Case258_Base.aadl,cases/Case258/Case258_Base.txt,cases/Case258/Case258_Req.txt,cases/Case258/Case258_Req_Expected.json,12880,183
Case259,cases/Case259/Case259_Base.aadl,cases/Case259/Case259_Base.txt,cases/Case259/Case259_Req.txt,cases/Case259/Case259_Req_Expected.json,12880,169
Case26,cases/Case26/Case26_Base.aadl,cases/Case26/Case26_Base.txt,cases/Case26/Case26_Req.txt,cases/Case26/Case26_Req_Expected.json,3713,539
Case260,cases/Case260/Case260_Base.aadl,cases/Case260/Case260_Base.txt,cases/Case260/Case260_Req.txt,cases/Case260/Case260_Req_Expected.json,12880,176
Case261,cases/Case261/Case261_Base.aadl,cases/Case261/Case261_Base.txt,cases/Case261/Case261_Req.txt,cases/Case261/Case261_Req_Expected.json,12880,165
Case262,cases/Case262/Case262_Base.aadl,cases/Case262/Case262_Base.txt,cases/Case262/Case262_Req.txt,cases/Case262/Case262_Req_Expected.json,12880,179
Case263,cases/Case263/Case263_Base.aadl,cases/Case263/Case263_Base.txt,cases/Case263/Case263_Req.txt,cases/Case263/Case263_Req_Expected.json,12880,179
Case264,cases/Case264/Case264_Base.aadl,cases/Case264/Case264_Base.txt,cases/Case264/Case264_Req.txt,cases/Case264/Case264_Req_Expected.json,12880,190
Case265,cases/Case265/Case265_Base.aadl,cases/Case265/Case265_Base.txt,cases/Case265/Case265_Req.txt,cases/Case265/Case265_Req_Expected.json,12880,185
Case266,cases/Case266/Case266_Base.aadl,cases/Case266/Case266_Base.txt,cases/Case266/Case266_Req.txt,cases/Case266/Case266_Req_Expected.json,12880,189
Case267,cases/Case267/Case267_Base.aadl,cases/Case267/Case267_Base.txt,cases/Case267/Case267_Req.txt,cases/Case267/Case267_Req_Expected.json,12880,178
Case268,cases/Case268/Case268_Base.aadl,cases/Case268/Case268_Base.txt,cases/Case268/Case268_Req.txt,cases/Case268/Case268_Req_Expected.json,12880,165
Case269,cases/Case269/Case269_Base.aadl,cases/Case269/Case269_Base.txt,cases/Case269/Case269_Req.txt,cases/Case269/Case269_Req_Expected.json,3450,185
Case27,cases/Case27/Case27_Base.aadl,cases/Case27/Case27_Base.txt,cases/Case27/Case27_Req.txt,cases/Case27/Case27_Req_Expected.json,479,691
Case270,cases/Case270/Case270_Base.aadl,cases/Case270/Case270_Base.txt,cases/Case270/Case270_Req.txt,cases/Case270/Case270_Req_Expected.json,3450,172
Case271,cases/Case271/Case271_Base.aadl,cases/Case271/Case271_Base.txt,cases/Case271/Case271_Req.txt,cases/Case271/Case271_Req_Expected.json,3450,184
Case272,cases/Case272/Case272_Base.aadl,cases/Case272/Case272_Base.txt,cases/Case272/Case272_Req.txt,cases/Case272/Case272_Req_Expected.json,3450,185
Case273,cases/Case273/Case273_Base.aadl,cases/Case273/Case273_Base.txt,cases/Case273/Case273_Req.txt,cases/Case273/Case273_Req_Expected.json,3450,172
Case274,cases/Case274/Case274_Base.aadl,cases/Case274/Case274_Base.txt,cases/Case274/Case274_Req.txt,cases/Case274/Case274_Req_Expected.json,3450,184
Case275,cases/Case275/Case275_Base.aadl,cases/Case275/Case275_Base.txt,cases/Case275/Case275_Req.txt,cases/Case275/Case275_Req_Expected.json,3450,185
Case276,cases/Case276/Case276_Base.aadl,cases/Case276/Case276_Base.txt,cases/Case276/Case276_Req.txt,cases/Case276/Case276_Req_Expected.json,3450,172
Case277,cases/Case277/Case277_Base.aadl,cases/Case277/Case277_Base.txt,cases/Case277/Case277_Req.txt,cases/Case277/Case277_Req_Expected.json,3450,184
Case278,cases/Case278/Case278_Base.aadl,cases/Case278/Case278_Base.txt,cases/Case278/Case278_Req.txt,cases/Case278/Case278_Req_Expected.json,3450,185
Case279,cases/Case279/Case279_Base.aadl,cases/Case279/Case279_Base.txt,cases/Case279/Case279_Req.txt,cases/Case279/Case279_Req_Expected.json,3450,172
Case28,cases/Case28/Case28_Base.aadl,cases/Case28/Case28_Base.txt,cases/Case28/Case28_Req.txt,cases/Case28/Case28_Req_Expected.json,479,718
Case280,cases/Case280/Case280_Base.aadl,cases/Case280/Case280_Base.txt,cases/Case280/Case280_Req.txt,cases/Case280/Case280_Req_Expected.json,3450,184
Case281,cases/Case281/Case281_Base.aadl,cases/Case281/Case281_Base.txt,cases/Case281/Case281_Req.txt,cases/Case281/Case281_Req_Expected.json,10032,203
Case282,cases/Case282/Case282_Base.aadl,cases/Case282/Case282_Base.txt,cases/Case282/Case282_Req.txt,cases/Case282/Case282_Req_Expected.json,10032,193
Case283,cases/Case283/Case283_Base.aadl,cases/Case283/Case283_Base.txt,cases/Case283/Case283_Req.txt,cases/Case283/Case283_Req_Expected.json,10032,203
Case284,cases/Case284/Case284_Base.aadl,cases/Case284/Case284_Base.txt,cases/Case284/Case284_Req.txt,cases/Case284/Case284_Req_Expected.json,10032,193
Case285,cases/Case285/Case285_Base.aadl,cases/Case285/Case285_Base.txt,cases/Case285/Case285_Req.txt,cases/Case285/Case285_Req_Expected.json,10032,203
Case286,cases/Case286/Case286_Base.aadl,cases/Case286/Case286_Base.txt,cases/Case286/Case286_Req.txt,cases/Case286/Case286_Req_Expected.json,10032,193
Case287,cases/Case287/Case287_Base.aadl,cases/Case287/Case287_Base.txt,cases/Case287/Case287_Req.txt,cases/Case287/Case287_Req_Expected.json,10032,203
Case288,cases/Case288/Case288_Base.aadl,cases/Case288/Case288_Base.txt,cases/Case288/Case288_Req.txt,cases/Case288/Case288_Req_Expected.json,10032,193
Case289,cases/Case289/Case289_Base.aadl,cases/Case289/Case289_Base.txt,cases/Case289/Case289_Req.txt,cases/Case289/Case289_Req_Expected.json,10032,203
Case29,cases/Case29/Case29_Base.aadl,cases/Case29/Case29_Base.txt,cases/Case29/Case29_Req.txt,cases/Case29/Case29_Req_Expected.json,419,713
Case290,cases/Case290/Case290_Base.aadl,cases/Case290/Case290_Base.txt,cases/Case290/Case290_Req.txt,cases/Case290/Case290_Req_Expected.json,10032,193
Case291,cases/Case291/Case291_Base.aadl,cases/Case291/Case291_Base.txt,cases/Case291/Case291_Req.txt,cases/Case291/Case291_Req_Expected.json,10032,203
Case292,cases/Case292/Case292_Base.aadl,cases/Case292/Case292_Base.txt,cases/Case292/Case292_Req.txt,cases/Case292/Case292_Req_Expected.json,10032,193
Case293,cases/Case293/Case293_Base.aadl,cases/Case293/Case293_Base.txt,cases/Case293/Case293_Req.txt,cases/Case293/Case293_Req_Expected.json,10032,203
Case294,cases/Case294/Case294_Base.aadl,cases/Case294/Case294_Base.txt,cases/Case294/Case294_Req.txt,cases/Case294/Case294_Req_Expected.json,10032,193
Case295,cases/Case295/Case295_Base.aadl,cases/Case295/Case295_Base.txt,cases/Case295/Case295_Req.txt,cases/Case295/Case295_Req_Expected.json,10032,203
Case296,cases/Case296/Case296_Base.aadl,cases/Case296/Case296_Base.txt,cases/Case296/Case296_Req.txt,cases/Case296/Case296_Req_Expected.json,10032,193
Case297,cases/Case297/Case297_Base.aadl,cases/Case297/Case297_Base.txt,cases/Case297/Case297_Req.txt,cases/Case297/Case297_Req_Expected.json,10032,203
Case298,cases/Case298/Case298_Base.aadl,cases/Case298/Case298_Base.txt,cases/Case298/Case298_Req.txt,cases/Case298/Case298_Req_Expected.json,10032,193
Case299,cases/Case299/Case299_Base.aadl,cases/Case299/Case299_Base.txt,cases/Case299/Case299_Req.txt,cases/Case299/Case299_Req_Expected.json,10032,203
Case30,cases/Case30/Case30_Base.aadl,cases/Case30/Case30_Base.txt,cases/Case30/Case30_Req.txt,cases/Case30/Case30_Req_Expected.json,419,772
Case300,cases/Case300/Case300_Base.aadl,cases/Case300/Case300_Base.txt,cases/Case300/Case300_Req.txt,cases/Case300/Case300_Req_Expected.json,10032,193
Case301,cases/Case301/Case301_Base.aadl,cases/Case301/Case301_Base.txt,cases/Case301/Case301_Req.txt,cases/Case301/Case301_Req_Expected.json,10032,203
Case302,cases/Case302/Case302_Base.aadl,cases/Case302/Case302_Base.txt,cases/Case302/Case302_Req.txt,cases/Case302/Case302_Req_Expected.json,10032,193
Case303,cases/Case303/Case303_Base.aadl,cases/Case303/Case303_Base.txt,cases/Case303/Case303_Req.txt,cases/Case303/Case303_Req_Expected.json,10032,203
Case304,cases/Case304/Case304_Base.aadl,cases/Case304/Case304_Base.txt,cases/Case304/Case304_Req.txt,cases/Case304/Case304_Req_Expected.json,10032,193
Case305,cases/Case305/Case305_Base.aadl,cases/Case305/Case305_Base.txt,cases/Case305/Case305_Req.txt,cases/Case305/Case305_Req_Expected.json,10032,203
Case306,cases/Case306/Case306_Base.aadl,cases/Case306/Case306_Base.txt,cases/Case306/Case306_Req.txt,cases/Case306/Case306_Req_Expected.json,10032,193
Case307,cases/Case307/Case307_Base.aadl,cases/Case307/Case307_Base.txt,cases/Case307/Case307_Req.txt,cases/Case307/Case307_Req_Expected.json,10032,203
Case308,cases/Case308/Case308_Base.aadl,cases/Case308/Case308_Base.txt,cases/Case308/Case308_Req.txt,cases/Case308/Case308_Req_Expected.json,10032,193
Case309,cases/Case309/Case309_Base.aadl,cases/Case309/Case309_Base.txt,cases/Case309/Case309_Req.txt,cases/Case309/Case309_Req_Expected.json,10032,203
Case31,cases/Case31/Case31_Base.aadl,cases/Case31/Case31_Base.txt,cases/Case31/Case31_Req.txt,cases/Case31/Case31_Req_Expected.json,6762,708
Case310,cases/Case310/Case310_Base.aadl,cases/Case310/Case310_Base.txt,cases/Case310/Case310_Req.txt,cases/Case310/Case310_Req_Expected.json,10032,193
Case311,cases/Case311/Case311_Base.aadl,cases/Case311/Case311_Base.txt,cases/Case311/Case311_Req.txt,cases/Case311/Case311_Req_Expected.json,10032,203
Case312,cases/Case312/Case312_Base.aadl,cases/Case312/Case312_Base.txt,cases/Case312/Case312_Req.txt,cases/Case312/Case312_Req_Expected.json,10032,193
Case313,cases/Case313/Case313_Base.aadl,cases/Case313/Case313_Base.txt,cases/Case313/Case313_Req.txt,cases/Case313/Case313_Req_Expected.json,10032,203
Case314,cases/Case314/Case314_Base.aadl,cases/Case314/Case314_Base.txt,cases/Case314/Case314_Req.txt,cases/Case314/Case314_Req_Expected.json,10032,193
Case315,cases/Case315/Case315_Base.aadl,cases/Case315/Case315_Base.txt,cases/Case315/Case315_Req.txt,cases/Case315/Case315_Req_Expected.json,10032,203
Case316,cases/Case316/Case316_Base.aadl,cases/Case316/Case316_Base.txt,cases/Case316/Case316_Req.txt,cases/Case316/Case316_Req_Expected.json,10032,193
Case317,cases/Case317/Case317_Base.aadl,cases/Case317/Case317_Base.txt,cases/Case317/Case317_Req.txt,cases/Case317/Case317_Req_Expected.json,10032,203
Case318,cases/Case318/Case318_Base.aadl,cases/Case318/Case318_Base.txt,cases/Case318/Case318_Req.txt,cases/Case318/Case318_Req_Expected.json,10032,193
Case319,cases/Case319/Case319_Base.aadl,cases/Case319/Case319_Base.txt,cases/Case319/Case319_Req.txt,cases/Case319/Case319_Req_Expected.json,10032,203
Case32,cases/Case32/Case32_Base.aadl,cases/Case32/Case32_Base.txt,cases/Case32/Case32_Req.txt,cases/Case32/Case32_Req_Expected.json,6762,487
Case320,cases/Case320/Case320_Base.aadl,cases/Case320/Case320_Base.txt,cases/Case320/Case320_Req.txt,cases/Case320/Case320_Req_Expected.json,10032,193
Case321,cases/Case321/Case321_Base.aadl,cases/Case321/Case321_Base.txt,cases/Case321/Case321_Req.txt,cases/Case321/Case321_Req_Expected.json,10032,203
Case322,cases/Case322/Case322_Base.aadl,cases/Case322/Case322_Base.txt,cases/Case322/Case322_Req.txt,cases/Case322/Case322_Req_Expected.json,10032,193
Case323,cases/Case323/Case323_Base.aadl,cases/Case323/Case323_Base.txt,cases/Case323/Case323_Req.txt,cases/Case323/Case323_Req_Expected.json,10032,203
Case324,cases/Case324/Case324_Base.aadl,cases/Case324/Case324_Base.txt,cases/Case324/Case324_Req.txt,cases/Case324/Case324_Req_Expected.json,10032,193
Case325,cases/Case325/Case325_Base.aadl,cases/Case325/Case325_Base.txt,cases/Case325/Case325_Req.txt,cases/Case325/Case325_Req_Expected.json,10032,203
Case326,cases/Case326/Case326_Base.aadl,cases/Case326/Case326_Base.txt,cases/Case326/Case326_Req.txt,cases/Case326/Case326_Req_Expected.json,10032,193
Case327,cases/Case327/Case327_Base.aadl,cases/Case327/Case327_Base.txt,cases/Case327/Case327_Req.txt,cases/Case327/Case327_Req_Expected.json,10032,203
Case328,cases/Case328/Case328_Base.aadl,cases/Case328/Case328_Base.txt,cases/Case328/Case328_Req.txt,cases/Case328/Case328_Req_Expected.json,10032,193
Case329,cases/Case329/Case329_Base.aadl,cases/Case329/Case329_Base.txt,cases/Case329/Case329_Req.txt,cases/Case329/Case329_Req_Expected.json,10032,203
Case33,cases/Case33/Case33_Base.aadl,cases/Case33/Case33_Base.txt,cases/Case33/Case33_Req.txt,cases/Case33/Case33_Req_Expected.json,6762,463
Case330,cases/Case330/Case330_Base.aadl,cases/Case330/Case330_Base.txt,cases/Case330/Case330_Req.txt,cases/Case330/Case330_Req_Expected.json,10032,193
Case331,cases/Case331/Case331_Base.aadl,cases/Case331/Case331_Base.txt,cases/Case331/Case331_Req.txt,cases/Case331/Case331_Req_Expected.json,10032,203
Case332,cases/Case332/Case332_Base.aadl,cases/Case332/Case332_Base.txt,cases/Case332/Case332_Req.txt,cases/Case332/Case332_Req_Expected.json,10032,193
Case333,cases/Case333/Case333_Base.aadl,cases/Case333/Case333_Base.txt,cases/Case333/Case333_Req.txt,cases/Case333/Case333_Req_Expected.json,9855,208
Case334,cases/Case334/Case334_Base.aadl,cases/Case334/Case334_Base.txt,cases/Case334/Case334_Req.txt,cases/Case334/Case334_Req_Expected.json,9855,208
Case335,cases/Case335/Case335_Base.aadl,cases/Case335/Case335_Base.txt,cases/Case335/Case335_Req.txt,cases/Case335/Case335_Req_Expected.json,9855,190
Case336,cases/Case336/Case336_Base.aadl,cases/Case336/Case336_Base.txt,cases/Case336/Case336_Req.txt,cases/Case336/Case336_Req_Expected.json,9855,198
Case337,cases/Case337/Case337_Base.aadl,cases/Case337/Case337_Base.txt,cases/Case337/Case337_Req.txt,cases/Case337/Case337_Req_Expected.json,9855,208
Case338,cases/Case338/Case338_Base.aadl,cases/Case338/Case338_Base.txt,cases/Case338/Case338_Req.txt,cases/Case338/Case338_Req_Expected.json,9855,208
Case339,cases/Case339/Case339_Base.aadl,cases/Case339/Case339_Base.txt,cases/Case339/Case339_Req.txt,cases/Case339/Case339_Req_Expected.json,9855,190
Case34,cases/Case34/Case34_Base.aadl,cases/Case34/Case34_Base.txt,cases/Case34/Case34_Req.txt,cases/Case34/Case34_Req_Expected.json,6762,1021
Case340,cases/Case340/Case340_Base.aadl,cases/Case340/Case340_Base.txt,cases/Case340/Case340_Req.txt,cases/Case340/Case340_Req_Expected.json,9855,198
Case341,cases/Case341/Case341_Base.aadl,cases/Case341/Case341_Base.txt,cases/Case341/Case341_Req.txt,cases/Case341/Case341_Req_Expected.json,9855,208
Case342,cases/Case342/Case342_Base.aadl,cases/Case342/Case342_Base.txt,cases/Case342/Case342_Req.txt,cases/Case342/Case342_Req_Expected.json,9855,208
Case343,cases/Case343/Case343_Base.aadl,cases/Case343/Case343_Base.txt,cases/Case343/Case343_Req.txt,cases/Case343/Case343_Req_Expected.json,9855,190
Case344,cases/Case344/Case344_Base.aadl,cases/Case344/Case344_Base.txt,cases/Case344/Case344_Req.txt,cases/Case344/Case344_Req_Expected.json,9855,198
Case345,cases/Case345/Case345_Base.aadl,cases/Case345/Case345_Base.txt,cases/Case345/Case345_Req.txt,cases/Case345/Case345_Req_Expected.json,9855,208
Case346,cases/Case346/Case346_Base.aadl,cases/Case346/Case346_Base.txt,cases/Case346/Case346_Req.txt,cases/Case346/Case346_Req_Expected.json,9855,208
Case347,cases/Case347/Case347_Base.aadl,cases/Case347/Case347_Base.txt,cases/Case347/Case347_Req.txt,cases/Case347/Case347_Req_Expected.json,9855,190
Case348,cases/Case348/Case348_Base.aadl,cases/Case348/Case348_Base.txt,cases/Case348/Case348_Req.txt,cases/Case348/Case348_Req_Expected.json,9855,198
Case349,cases/Case349/Case349_Base.aadl,cases/Case349/Case349_Base.txt,cases/Case349/Case349_Req.txt,cases/Case349/Case349_Req_Expected.json,9855,208
Case35,cases/Case35/Case35_Base.aadl,cases/Case35/Case35_Base.txt,cases/Case35/Case35_Req.txt,cases/Case35/Case35_Req_Expected.json,1534,529
Case350,cases/Case350/Case350_Base.aadl,cases/Case350/Case350_Base.txt,cases/Case350/Case350_Req.txt,cases/Case350/Case350_Req_Expected.json,9855,208
Case351,cases/Case351/Case351_Base.aadl,cases/Case351/Case351_Base.txt,cases/Case351/Case351_Req.txt,cases/Case351/Case351_Req_Expected.json,9855,190
Case352,cases/Case352/Case352_Base.aadl,cases/Case352/Case352_Base.txt,cases/Case352/Case352_Req.txt,cases/Case352/Case352_Req_Expected.json,9855,198
Case353,cases/Case353/Case353_Base.aadl,cases/Case353/Case353_Base.txt,cases/Case353/Case353_Req.txt,cases/Case353/Case353_Req_Expected.json,9855,208
Case354,cases/Case354/Case354_Base.aadl,cases/Case354/Case354_Base.txt,cases/Case354/Case354_Req.txt,cases/Case354/Case354_Req_Expected.json,9855,208
Case355,cases/Case355/Case355_Base.aadl,cases/Case355/Case355_Base.txt,cases/Case355/Case355_Req.txt,cases/Case355/Case355_Req_Expected.json,9855,190
Case356,cases/Case356/Case356_Base.aadl,cases/Case356/Case356_Base.txt,cases/Case356/Case356_Req.txt,cases/Case356/Case356_Req_Expected.json,9855,198
Case357,cases/Case357/Case357_Base.aadl,cases/Case357/Case357_Base.txt,cases/Case357/Case357_Req.txt,cases/Case357/Case357_Req_Expected.json,9855,208
Case358,cases/Case358/Case358_Base.aadl,cases/Case358/Case358_Base.txt,cases/Case358/Case358_Req.txt,cases/Case358/Case358_Req_Expected.json,9855,208
Case359,cases/Case359/Case359_Base.aadl,cases/Case359/Case359_Base.txt,cases/Case359/Case359_Req.txt,cases/Case359/Case359_Req_Expected.json,9855,190
Case36,cases/Case36/Case36_Base.aadl,cases/Case36/Case36_Base.txt,cases/Case36/Case36_Req.txt,cases/Case36/Case36_Req_Expected.json,1534,542
Case360,cases/Case360/Case360_Base.aadl,cases/Case360/Case360_Base.txt,cases/Case360/Case360_Req.txt,cases/Case360/Case360_Req_Expected.json,9855,198
Case361,cases/Case361/Case361_Base.aadl,cases/Case361/Case361_Base.txt,cases/Case361/Case361_Req.txt,cases/Case361/Case361_Req_Expected.json,9855,208
Case362,cases/Case362/Case362_Base.aadl,cases/Case362/Case362_Base.txt,cases/Case362/Case362_Req.txt,cases/Case362/Case362_Req_Expected.json,9855,208
Case363,cases/Case363/Case363_Base.aadl,cases/Case363/Case363_Base.txt,cases/Case363/Case363_Req.txt,cases/Case363/Case363_Req_Expected.json,9855,190
Case364,cases/Case364/Case364_Base.aadl,cases/Case364/Case364_Base.txt,cases/Case364/Case364_Req.txt,cases/Case364/Case364_Req_Expected.json,9855,198
Case365,cases/Case365/Case365_Base.aadl,cases/Case365/Case365_Base.txt,cases/Case365/Case365_Req.txt,cases/Case365/Case365_Req_Expected.json,9855,208
Case366,cases/Case366/Case366_Base.aadl,cases/Case366/Case366_Base.txt,cases/Case366/Case366_Req.txt,cases/Case366/Case366_Req_Expected.json,9855,208
Case367,cases/Case367/Case367_Base.aadl,cases/Case367/Case367_Base.txt,cases/Case367/Case367_Req.txt,cases/Case367/Case367_Req_Expected.json,9855,190
Case368,cases/Case368/Case368_Base.aadl,cases/Case368/Case368_Base.txt,cases/Case368/Case368_Req.txt,cases/Case368/Case368_Req_Expected.json,9855,198
Case369,cases/Case369/Case369_Base.aadl,cases/Case369/Case369_Base.txt,cases/Case369/Case369_Req.txt,cases/Case369/Case369_Req_Expected.json,9855,208
Case37,cases/Case37/Case37_Base.aadl,cases/Case37/Case37_Base.txt,cases/Case37/Case37_Req.txt,cases/Case37/Case37_Req_Expected.json,1202,581
Case370,cases/Case370/Case370_Base.aadl,cases/Case370/Case370_Base.txt,cases/Case370/Case370_Req.txt,cases/Case370/Case370_Req_Expected.json,9855,208
Case371,cases/Case371/Case371_Base.aadl,cases/Case371/Case371_Base.txt,cases/Case371/Case371_Req.txt,cases/Case371/Case371_Req_Expected.json,9855,190
Case372,cases/Case372/Case372_Base.aadl,cases/Case372/Case372_Base.txt,cases/Case372/Case372_Req.txt,cases/Case372/Case372_Req_Expected.json,9855,198
Case373,cases/Case373/Case373_Base.aadl,cases/Case373/Case373_Base.txt,cases/Case373/Case373_Req.txt,cases/Case373/Case373_Req_Expected.json,9855,208
Case374,cases/Case374/Case374_Base.aadl,cases/Case374/Case374_Base.txt,cases/Case374/Case374_Req.txt,cases/Case374/Case374_Req_Expected.json,9855,208
Case375,cases/Case375/Case375_Base.aadl,cases/Case375/Case375_Base.txt,cases/Case375/Case375_Req.txt,cases/Case375/Case375_Req_Expected.json,9855,190
Case376,cases/Case376/Case376_Base.aadl,cases/Case376/Case376_Base.txt,cases/Case376/Case376_Req.txt,cases/Case376/Case376_Req_Expected.json,9855,198
Case377,cases/Case377/Case377_Base.aadl,cases/Case377/Case377_Base.txt,cases/Case377/Case377_Req.txt,cases/Case377/Case377_Req_Expected.json,9855,208
Case378,cases/Case378/Case378_Base.aadl,cases/Case378/Case378_Base.txt,cases/Case378/Case378_Req.txt,cases/Case378/Case378_Req_Expected.json,9855,208
Case379,cases/Case379/Case379_Base.aadl,cases/Case379/Case379_Base.txt,cases/Case379/Case379_Req.txt,cases/Case379/Case379_Req_Expected.json,9855,190
Case38,cases/Case38/Case38_Base.aadl,cases/Case38/Case38_Base.txt,cases/Case38/Case38_Req.txt,cases/Case38/Case38_Req_Expected.json,1202,701
Case380,cases/Case380/Case380_Base.aadl,cases/Case380/Case380_Base.txt,cases/Case380/Case380_Req.txt,cases/Case380/Case380_Req_Expected.json,9855,198
Case381,cases/Case381/Case381_Base.aadl,cases/Case381/Case381_Base.txt,cases/Case381/Case381_Req.txt,cases/Case381/Case381_Req_Expected.json,5338,157
Case382,cases/Case382/Case382_Base.aadl,cases/Case382/Case382_Base.txt,cases/Case382/Case382_Req.txt,cases/Case382/Case382_Req_Expected.json,5338,165
Case383,cases/Case383/Case383_Base.aadl,cases/Case383/Case383_Base.txt,cases/Case383/Case383_Req.txt,cases/Case383/Case383_Req_Expected.json,5338,174
Case384,cases/Case384/Case384_Base.aadl,cases/Case384/Case384_Base.txt,cases/Case384/Case384_Req.txt,cases/Case384/Case384_Req_Expected.json,5338,179
Case385,cases/Case385/Case385_Base.aadl,cases/Case385/Case385_Base.txt,cases/Case385/Case385_Req.txt,cases/Case385/Case385_Req_Expected.json,5338,157
Case386,cases/Case386/Case386_Base.aadl,cases/Case386/Case386_Base.txt,cases/Case386/Case386_Req.txt,cases/Case386/Case386_Req_Expected.json,5338,165
Case387,cases/Case387/Case387_Base.aadl,cases/Case387/Case387_Base.txt,cases/Case387/Case387_Req.txt,cases/Case387/Case387_Req_Expected.json,5338,174
Case388,cases/Case388/Case388_Base.aadl,cases/Case388/Case388_Base.txt,cases/Case388/Case388_Req.txt,cases/Case388/Case388_Req_Expected.json,5338,179
Case389,cases/Case389/Case389_Base.aadl,cases/Case389/Case389_Base.txt,cases/Case389/Case389_Req.txt,cases/Case389/Case389_Req_Expected.json,5338,157
Case39,cases/Case39/Case39_Base.aadl,cases/Case39/Case39_Base.txt,cases/Case39/Case39_Req.txt,cases/Case39/Case39_Req_Expected.json,1202,462
Case390,cases/Case390/Case390_Base.aadl,cases/Case390/Case390_Base.txt,cases/Case390/Case390_Req.txt,cases/Case390/Case390_Req_Expected.json,5338,165
Case391,cases/Case391/Case391_Base.aadl,cases/Case391/Case391_Base.txt,cases/Case391/Case391_Req.txt,cases/Case391/Case391_Req_Expected.json,5338,174
Case392,cases/Case392/Case392_Base.aadl,cases/Case392/Case392_Base.txt,cases/Case392/Case392_Req.txt,cases/Case392/Case392_Req_Expected.json,5338,179
Case393,cases/Case393/Case393_Base.aadl,cases/Case393/Case393_Base.txt,cases/Case393/Case393_Req.txt,cases/Case393/Case393_Req_Expected.json,5338,157
Case394,cases/Case394/Case394_Base.aadl,cases/Case394/Case394_Base.txt,cases/Case394/Case394_Req.txt,cases/Case394/Case394_Req_Expected.json,5338,165
Case395,cases/Case395/Case395_Base.aadl,cases/Case395/Case395_Base.txt,cases/Case395/Case395_Req.txt,cases/Case395/Case395_Req_Expected.json,5338,174
Case396,cases/Case396/Case396_Base.aadl,cases/Case396/Case396_Base.txt,cases/Case396/Case396_Req.txt,cases/Case396/Case396_Req_Expected.json,5338,179
Case397,cases/Case397/Case397_Base.aadl,cases/Case397/Case397_Base.txt,cases/Case397/Case397_Req.txt,cases/Case397/Case397_Req_Expected.json,5338,157
Case398,cases/Case398/Case398_Base.aadl,cases/Case398/Case398_Base.txt,cases/Case398/Case398_Req.txt,cases/Case398/Case398_Req_Expected.json,5338,165
Case399,cases/Case399/Case399_Base.aadl,cases/Case399/Case399_Base.txt,cases/Case399/Case399_Req.txt,cases/Case399/Case399_Req_Expected.json,5338,174
Case40,cases/Case40/Case40_Base.aadl,cases/Case40/Case40_Base.txt,cases/Case40/Case40_Req.txt,cases/Case40/Case40_Req_Expected.json,1202,352
Case400,cases/Case400/Case400_Base.aadl,cases/Case400/Case400_Base.txt,cases/Case400/Case400_Req.txt,cases/Case400/Case400_Req_Expected.json,5338,179
Case401,cases/Case401/Case401_Base.aadl,cases/Case401/Case401_Base.txt,cases/Case401/Case401_Req.txt,cases/Case401/Case401_Req_Expected.json,5338,157
Case402,cases/Case402/Case402_Base.aadl,cases/Case402/Case402_Base.txt,cases/Case402/Case402_Req.txt,cases/Case402/Case402_Req_Expected.json,5338,165
Case403,cases/Case403/Case403_Base.aadl,cases/Case403/Case403_Base.txt,cases/Case403/Case403_Req.txt,cases/Case403/Case403_Req_Expected.json,5338,174
Case404,cases/Case404/Case404_Base.aadl,cases/Case404/Case404_Base.txt,cases/Case404/Case404_Req.txt,cases/Case404/Case404_Req_Expected.json,5338,179
Case405,cases/Case405/Case405_Base.aadl,cases/Case405/Case405_Base.txt,cases/Case405/Case405_Req.txt,cases/Case405/Case405_Req_Expected.json,5890,165
Case406,cases/Case406/Case406_Base.aadl,cases/Case406/Case406_Base.txt,cases/Case406/Case406_Req.txt,cases/Case406/Case406_Req_Expected.json,5890,162
Case407,cases/Case407/Case407_Base.aadl,cases/Case407/Case407_Base.txt,cases/Case407/Case407_Req.txt,cases/Case407/Case407_Req_Expected.json,5890,190
Case408,cases/Case408/Case408_Base.aadl,cases/Case408/Case408_Base.txt,cases/Case408/Case408_Req.txt,cases/Case408/Case408_Req_Expected.json,5890,182
Case409,cases/Case409/Case409_Base.aadl,cases/Case409/Case409_Base.txt,cases/Case409/Case409_Req.txt,cases/Case409/Case409_Req_Expected.json,11487,194
Case41,cases/Case41/Case41_Base.aadl,cases/Case41/Case41_Base.txt,cases/Case41/Case41_Req.txt,cases/Case41/Case41_Req_Expected.json,4821,245
Case410,cases/Case410/Case410_Base.aadl,cases/Case410/Case410_Base.txt,cases/Case410/Case410_Req.txt,cases/Case410/Case410_Req_Expected.json,11487,184
Case411,cases/Case411/Case411_Base.aadl,cases/Case411/Case411_Base.txt,cases/Case411/Case411_Req.txt,cases/Case411/Case411_Req_Expected.json,11487,192
Case412,cases/Case412/Case412_Base.aadl,cases/Case412/Case412_Base.txt,cases/Case412/Case412_Req.txt,cases/Case412/Case412_Req_Expected.json,11487,183
Case413,cases/Case413/Case413_Base.aadl,cases/Case413/Case413_Base.txt,cases/Case413/Case413_Req.txt,cases/Case413/Case413_Req_Expected.json,1074,153
Case414,cases/Case414/Case414_Base.aadl,cases/Case414/Case414_Base.txt,cases/Case414/Case414_Req.txt,cases/Case414/Case414_Req_Expected.json,12880,172
Case415,cases/Case415/Case415_Base.aadl,cases/Case415/Case415_Base.txt,cases/Case415/Case415_Req.txt,cases/Case415/Case415_Req_Expected.json,12880,183
Case416,cases/Case416/Case416_Base.aadl,cases/Case416/Case416_Base.txt,cases/Case416/Case416_Req.txt,cases/Case416/Case416_Req_Expected.json,12880,169
Case417,cases/Case417/Case417_Base.aadl,cases/Case417/Case417_Base.txt,cases/Case417/Case417_Req.txt,cases/Case417/Case417_Req_Expected.json,12880,176
Case418,cases/Case418/Case418_Base.aadl,cases/Case418/Case418_Base.txt,cases/Case418/Case418_Req.txt,cases/Case418/Case418_Req_Expected.json,12880,165
Case419,cases/Case419/Case419_Base.aadl,cases/Case419/Case419_Base.txt,cases/Case419/Case419_Req.txt,cases/Case419/Case419_Req_Expected.json,12880,179
Case42,cases/Case42/Case42_Base.aadl,cases/Case42/Case42_Base.txt,cases/Case42/Case42_Req.txt,cases/Case42/Case42_Req_Expected.json,4821,646
Case420,cases/Case420/Case420_Base.aadl,cases/Case420/Case420_Base.txt,cases/Case420/Case420_Req.txt,cases/Case420/Case420_Req_Expected.json,12880,179
Case421,cases/Case421/Case421_Base.aadl,cases/Case421/Case421_Base.txt,cases/Case421/Case421_Req.txt,cases/Case421/Case421_Req_Expected.json,12880,190
Case422,cases/Case422/Case422_Base.aadl,cases/Case422/Case422_Base.txt,cases/Case422/Case422_Req.txt,cases/Case422/Case422_Req_Expected.json,12880,185
Case423,cases/Case423/Case423_Base.aadl,cases/Case423/Case423_Base.txt,cases/Case423/Case423_Req.txt,cases/Case423/Case423_Req_Expected.json,12880,189
Case424,cases/Case424/Case424_Base.aadl,cases/Case424/Case424_Base.txt,cases/Case424/Case424_Req.txt,cases/Case424/Case424_Req_Expected.json,12880,178
Case425,cases/Case425/Case425_Base.aadl,cases/Case425/Case425_Base.txt,cases/Case425/Case425_Req.txt,cases/Case425/Case425_Req_Expected.json,12880,165
Case426,cases/Case426/Case426_Base.aadl,cases/Case426/Case426_Base.txt,cases/Case426/Case426_Req.txt,cases/Case426/Case426_Req_Expected.json,12880,152
Case427,cases/Case427/Case427_Base.aadl,cases/Case427/Case427_Base.txt,cases/Case427/Case427_Req.txt,cases/Case427/Case427_Req_Expected.json,12880,141
Case428,cases/Case428/Case428_Base.aadl,cases/Case428/Case428_Base.txt,cases/Case428/Case428_Req.txt,cases/Case428/Case428_Req_Expected.json,12880,162
Case429,cases/Case429/Case429_Base.aadl,cases/Case429/Case429_Base.txt,cases/Case429/Case429_Req.txt,cases/Case429/Case429_Req_Expected.json,12880,143
Case43,cases/Case43/Case43_Base.aadl,cases/Case43/Case43_Base.txt,cases/Case43/Case43_Req.txt,cases/Case43/Case43_Req_Expected.json,1264,288
Case430,cases/Case430/Case430_Base.aadl,cases/Case430/Case430_Base.txt,cases/Case430/Case430_Req.txt,cases/Case430/Case430_Req_Expected.json,12880,142
Case431,cases/Case431/Case431_Base.aadl,cases/Case431/Case431_Base.txt,cases/Case431/Case431_Req.txt,cases/Case431/Case431_Req_Expected.json,12880,155
Case432,cases/Case432/Case432_Base.aadl,cases/Case432/Case432_Base.txt,cases/Case432/Case432_Req.txt,cases/Case432/Case432_Req_Expected.json,12880,155
Case433,cases/Case433/Case433_Base.aadl,cases/Case433/Case433_Base.txt,cases/Case433/Case433_Req.txt,cases/Case433/Case433_Req_Expected.json,12880,167
Case434,cases/Case434/Case434_Base.aadl,cases/Case434/Case434_Base.txt,cases/Case434/Case434_Req.txt,cases/Case434/Case434_Req_Expected.json,3450,185
Case435,cases/Case435/Case435_Base.aadl,cases/Case435/Case435_Base.txt,cases/Case435/Case435_Req.txt,cases/Case435/Case435_Req_Expected.json,3450,172
Case436,cases/Case436/Case436_Base.aadl,cases/Case436/Case436_Base.txt,cases/Case436/Case436_Req.txt,cases/Case436/Case436_Req_Expected.json,3450,184
Case437,cases/Case437/Case437_Base.aadl,cases/Case437/Case437_Base.txt,cases/Case437/Case437_Req.txt,cases/Case437/Case437_Req_Expected.json,2744,180
Case438,cases/Case438/Case438_Base.aadl,cases/Case438/Case438_Base.txt,cases/Case438/Case438_Req.txt,cases/Case438/Case438_Req_Expected.json,2744,172
Case439,cases/Case439/Case439_Base.aadl,cases/Case439/Case439_Base.txt,cases/Case439/Case439_Req.txt,cases/Case439/Case439_Req_Expected.json,2744,167
Case44,cases/Case44/Case44_Base.aadl,cases/Case44/Case44_Base.txt,cases/Case44/Case44_Req.txt,cases/Case44/Case44_Req_Expected.json,1264,295
Case440,cases/Case440/Case440_Base.aadl,cases/Case440/Case440_Base.txt,cases/Case440/Case440_Req.txt,cases/Case440/Case440_Req_Expected.json,2744,179
Case441,cases/Case441/Case441_Base.aadl,cases/Case441/Case441_Base.txt,cases/Case441/Case441_Req.txt,cases/Case441/Case441_Req_Expected.json,10032,203
Case442,cases/Case442/Case442_Base.aadl,cases/Case442/Case442_Base.txt,cases/Case442/Case442_Req.txt,cases/Case442/Case442_Req_Expected.json,10032,193
Case443,cases/Case443/Case443_Base.aadl,cases/Case443/Case443_Base.txt,cases/Case443/Case443_Req.txt,cases/Case443/Case443_Req_Expected.json,2089,192
Case444,cases/Case444/Case444_Base.aadl,cases/Case444/Case444_Base.txt,cases/Case444/Case444_Req.txt,cases/Case444/Case444_Req_Expected.json,2089,192
Case445,cases/Case445/Case445_Base.aadl,cases/Case445/Case445_Base.txt,cases/Case445/Case445_Req.txt,cases/Case445/Case445_Req_Expected.json,2089,184
Case446,cases/Case446/Case446_Base.aadl,cases/Case446/Case446_Base.txt,cases/Case446/Case446_Req.txt,cases/Case446/Case446_Req_Expected.json,2089,184
Case447,cases/Case447/Case447_Base.aadl,cases/Case447/Case447_Base.txt,cases/Case447/Case447_Req.txt,cases/Case447/Case447_Req_Expected.json,2089,187
Case448,cases/Case448/Case448_Base.aadl,cases/Case448/Case448_Base.txt,cases/Case448/Case448_Req.txt,cases/Case448/Case448_Req_Expected.json,2089,199
Case449,cases/Case449/Case449_Base.aadl,cases/Case449/Case449_Base.txt,cases/Case449/Case449_Req.txt,cases/Case449/Case449_Req_Expected.json,2089,209
Case45,cases/Case45/Case45_Base.aadl,cases/Case45/Case45_Base.txt,cases/Case45/Case45_Req.txt,cases/Case45/Case45_Req_Expected.json,1264,533
Case450,cases/Case450/Case450_Base.aadl,cases/Case450/Case450_Base.txt,cases/Case450/Case450_Req.txt,cases/Case450/Case450_Req_Expected.json,2089,216
Case451,cases/Case451/Case451_Base.aadl,cases/Case451/Case451_Base.txt,cases/Case451/Case451_Req.txt,cases/Case451/Case451_Req_Expected.json,2089,179
Case452,cases/Case452/Case452_Base.aadl,cases/Case452/Case452_Base.txt,cases/Case452/Case452_Req.txt,cases/Case452/Case452_Req_Expected.json,9855,208
Case453,cases/Case453/Case453_Base.aadl,cases/Case453/Case453_Base.txt,cases/Case453/Case453_Req.txt,cases/Case453/Case453_Req_Expected.json,9855,208
Case454,cases/Case454/Case454_Base.aadl,cases/Case454/Case454_Base.txt,cases/Case454/Case454_Req.txt,cases/Case454/Case454_Req_Expected.json,9855,190
Case455,cases/Case455/Case455_Base.aadl,cases/Case455/Case455_Base.txt,cases/Case455/Case455_Req.txt,cases/Case455/Case455_Req_Expected.json,9855,198
Case456,cases/Case456/Case456_Base.aadl,cases/Case456/Case456_Base.txt,cases/Case456/Case456_Req.txt,cases/Case456/Case456_Req_Expected.json,5338,157
Case457,cases/Case457/Case457_Base.aadl,cases/Case457/Case457_Base.txt,cases/Case457/Case457_Req.txt,cases/Case457/Case457_Req_Expected.json,5338,165
Case458,cases/Case458/Case458_Base.aadl,cases/Case458/Case458_Base.txt,cases/Case458/Case458_Req.txt,cases/Case458/Case458_Req_Expected.json,5338,174
Case459,cases/Case459/Case459_Base.aadl,cases/Case459/Case459_Base.txt,cases/Case459/Case459_Req.txt,cases/Case459/Case459_Req_Expected.json,5338,179
Case46,cases/Case46/Case46_Base.aadl,cases/Case46/Case46_Base.txt,cases/Case46/Case46_Req.txt,cases/Case46/Case46_Req_Expected.json,1264,718
Case47,cases/Case47/Case47_Base.aadl,cases/Case47/Case47_Base.txt,cases/Case47/Case47_Req.txt,cases/Case47/Case47_Req_Expected.json,1849,288
Case48,cases/Case48/Case48_Base.aadl,cases/Case48/Case48_Base.txt,cases/Case48/Case48_Req.txt,cases/Case48/Case48_Req_Expected.json,1849,271
Case49,cases/Case49/Case49_Base.aadl,cases/Case49/Case49_Base.txt,cases/Case49/Case49_Req.txt,cases/Case49/Case49_Req_Expected.json,1849,285
Case50,cases/Case50/Case50_Base.aadl,cases/Case50/Case50_Base.txt,cases/Case50/Case50_Req.txt,cases/Case50/Case50_Req_Expected.json,1849,286
Case51,cases/Case51/Case51_Base.aadl,cases/Case51/Case51_Base.txt,cases/Case51/Case51_Req.txt,cases/Case51/Case51_Req_Expected.json,1849,153
Case52,cases/Case52/Case52_Base.aadl,cases/Case52/Case52_Base.txt,cases/Case52/Case52_Req.txt,cases/Case52/Case52_Req_Expected.json,1849,143
Case53,cases/Case53/Case53_Base.aadl,cases/Case53/Case53_Base.txt,cases/Case53/Case53_Req.txt,cases/Case53/Case53_Req_Expected.json,1849,231
Case54,cases/Case54/Case54_Base.aadl,cases/Case54/Case54_Base.txt,cases/Case54/Case54_Req.txt,cases/Case54/Case54_Req_Expected.json,1849,208
Case55,cases/Case55/Case55_Base.aadl,cases/Case55/Case55_Base.txt,cases/Case55/Case55_Req.txt,cases/Case55/Case55_Req_Expected.json,1849,283
Case56,cases/Case56/Case56_Base.aadl,cases/Case56/Case56_Base.txt,cases/Case56/Case56_Req.txt,cases/Case56/Case56_Req_Expected.json,1235,325
Case57,cases/Case57/Case57_Base.aadl,cases/Case57/Case57_Base.txt,cases/Case57/Case57_Req.txt,cases/Case57/Case57_Req_Expected.json,1235,319
Case58,cases/Case58/Case58_Base.aadl,cases/Case58/Case58_Base.txt,cases/Case58/Case58_Req.txt,cases/Case58/Case58_Req_Expected.json,1235,177
Case59,cases/Case59/Case59_Base.aadl,cases/Case59/Case59_Base.txt,cases/Case59/Case59_Req.txt,cases/Case59/Case59_Req_Expected.json,13211,601
Case60,cases/Case60/Case60_Base.aadl,cases/Case60/Case60_Base.txt,cases/Case60/Case60_Req.txt,cases/Case60/Case60_Req_Expected.json,13211,437
Case61,cases/Case61/Case61_Base.aadl,cases/Case61/Case61_Base.txt,cases/Case61/Case61_Req.txt,cases/Case61/Case61_Req_Expected.json,1833,356
Case62,cases/Case62/Case62_Base.aadl,cases/Case62/Case62_Base.txt,cases/Case62/Case62_Req.txt,cases/Case62/Case62_Req_Expected.json,1833,356
Case63,cases/Case63/Case63_Base.aadl,cases/Case63/Case63_Base.txt,cases/Case63/Case63_Req.txt,cases/Case63/Case63_Req_Expected.json,1833,356
Case64,cases/Case64/Case64_Base.aadl,cases/Case64/Case64_Base.txt,cases/Case64/Case64_Req.txt,cases/Case64/Case64_Req_Expected.json,1833,356
Case65,cases/Case65/Case65_Base.aadl,cases/Case65/Case65_Base.txt,cases/Case65/Case65_Req.txt,cases/Case65/Case65_Req_Expected.json,7681,322
Case66,cases/Case66/Case66_Base.aadl,cases/Case66/Case66_Base.txt,cases/Case66/Case66_Req.txt,cases/Case66/Case66_Req_Expected.json,7681,322
Case67,cases/Case67/Case67_Base.aadl,cases/Case67/Case67_Base.txt,cases/Case67/Case67_Req.txt,cases/Case67/Case67_Req_Expected.json,7681,322
Case68,cases/Case68/Case68_Base.aadl,cases/Case68/Case68_Base.txt,cases/Case68/Case68_Req.txt,cases/Case68/Case68_Req_Expected.json,7450,344
Case69,cases/Case69/Case69_Base.aadl,cases/Case69/Case69_Base.txt,cases/Case69/Case69_Req.txt,cases/Case69/Case69_Req_Expected.json,7450,259
Case70,cases/Case70/Case70_Base.aadl,cases/Case70/Case70_Base.txt,cases/Case70/Case70_Req.txt,cases/Case70/Case70_Req_Expected.json,7450,259
Case71,cases/Case71/Case71_Base.aadl,cases/Case71/Case71_Base.txt,cases/Case71/Case71_Req.txt,cases/Case71/Case71_Req_Expected.json,5873,250
Case72,cases/Case72/Case72_Base.aadl,cases/Case72/Case72_Base.txt,cases/Case72/Case72_Req.txt,cases/Case72/Case72_Req_Expected.json,5873,250
Case73,cases/Case73/Case73_Base.aadl,cases/Case73/Case73_Base.txt,cases/Case73/Case73_Req.txt,cases/Case73/Case73_Req_Expected.json,5873,250
Case74,cases/Case74/Case74_Base.aadl,cases/Case74/Case74_Base.txt,cases/Case74/Case74_Req.txt,cases/Case74/Case74_Req_Expected.json,5873,250
Case75,cases/Case75/Case75_Base.aadl,cases/Case75/Case75_Base.txt,cases/Case75/Case75_Req.txt,cases/Case75/Case75_Req_Expected.json,5873,250
Case76,cases/Case76/Case76_Base.aadl,cases/Case76/Case76_Base.txt,cases/Case76/Case76_Req.txt,cases/Case76/Case76_Req_Expected.json,18347,305
Case77,cases/Case77/Case77_Base.aadl,cases/Case77/Case77_Base.txt,cases/Case77/Case77_Req.txt,cases/Case77/Case77_Req_Expected.json,18347,305
Case78,cases/Case78/Case78_Base.aadl,cases/Case78/Case78_Base.txt,cases/Case78/Case78_Req.txt,cases/Case78/Case78_Req_Expected.json,18347,305
Case79,cases/Case79/Case79_Base.aadl,cases/Case79/Case79_Base.txt,cases/Case79/Case79_Req.txt,cases/Case79/Case79_Req_Expected.json,18347,305
Case80,cases/Case80/Case80_Base.aadl,cases/Case80/Case80_Base.txt,cases/Case80/Case80_Req.txt,cases/Case80/Case80_Req_Expected.json,753,173
Case81,cases/Case81/Case81_Base.aadl,cases/Case81/Case81_Base.txt,cases/Case81/Case81_Req.txt,cases/Case81/Case81_Req_Expected.json,2613,312
Case82,cases/Case82/Case82_Base.aadl,cases/Case82/Case82_Base.txt,cases/Case82/Case82_Req.txt,cases/Case82/Case82_Req_Expected.json,2580,249
Case83,cases/Case83/Case83_Base.aadl,cases/Case83/Case83_Base.txt,cases/Case83/Case83_Req.txt,cases/Case83/Case83_Req_Expected.json,2580,249
Case84,cases/Case84/Case84_Base.aadl,cases/Case84/Case84_Base.txt,cases/Case84/Case84_Req.txt,cases/Case84/Case84_Req_Expected.json,2580,249
Case85,cases/Case85/Case85_Base.aadl,cases/Case85/Case85_Base.txt,cases/Case85/Case85_Req.txt,cases/Case85/Case85_Req_Expected.json,2580,249
Case86,cases/Case86/Case86_Base.aadl,cases/Case86/Case86_Base.txt,cases/Case86/Case86_Req.txt,cases/Case86/Case86_Req_Expected.json,9761,342
Case87,cases/Case87/Case87_Base.aadl,cases/Case87/Case87_Base.txt,cases/Case87/Case87_Req.txt,cases/Case87/Case87_Req_Expected.json,9761,342
Case88,cases/Case88/Case88_Base.aadl,cases/Case88/Case88_Base.txt,cases/Case88/Case88_Req.txt,cases/Case88/Case88_Req_Expected.json,9761,342
Case89,cases/Case89/Case89_Base.aadl,cases/Case89/Case89_Base.txt,cases/Case89/Case89_Req.txt,cases/Case89/Case89_Req_Expected.json,9761,342
Case90,cases/Case90/Case90_Base.aadl,cases/Case90/Case90_Base.txt,cases/Case90/Case90_Req.txt,cases/Case90/Case90_Req_Expected.json,9761,310
Case91,cases/Case91/Case91_Base.aadl,cases/Case91/Case91_Base.txt,cases/Case91/Case91_Req.txt,cases/Case91/Case91_Req_Expected.json,7705,516
Case92,cases/Case92/Case92_Base.aadl,cases/Case92/Case92_Base.txt,cases/Case92/Case92_Req.txt,cases/Case92/Case92_Req_Expected.json,7705,516
Case93,cases/Case93/Case93_Base.aadl,cases/Case93/Case93_Base.txt,cases/Case93/Case93_Req.txt,cases/Case93/Case93_Req_Expected.json,7705,516
Case94,cases/Case94/Case94_Base.aadl,cases/Case94/Case94_Base.txt,cases/Case94/Case94_Req.txt,cases/Case94/Case94_Req_Expected.json,19369,298
Case95,cases/Case95/Case95_Base.aadl,cases/Case95/Case95_Base.txt,cases/Case95/Case95_Req.txt,cases/Case95/Case95_Req_Expected.json,19369,322
Case96,cases/Case96/Case96_Base.aadl,cases/Case96/Case96_Base.txt,cases/Case96/Case96_Req.txt,cases/Case96/Case96_Req_Expected.json,19369,290
Case97,cases/Case97/Case97_Base.aadl,cases/Case97/Case97_Base.txt,cases/Case97/Case97_Req.txt,cases/Case97/Case97_Req_Expected.json,19369,338
Case98,cases/Case98/Case98_Base.aadl,cases/Case98/Case98_Base.txt,cases/Case98/Case98_Req.txt,cases/Case98/Case98_Req_Expected.json,18529,270
Case99,cases/Case99/Case99_Base.aadl,cases/Case99/Case99_Base.txt,cases/Case99/Case99_Req.txt,cases/Case99/Case99_Req_Expected.json,18529,270
